rules_version,map_index,difficulty,controller_profile,seat_rotation,style_rotation,resignation_policy,attempts,focus_wins,focus_losses,timeouts,draws,natural_eliminations,resignation_enabled_wins,mean_duration
10,0,Normal,mixed,0,0,disabled,3,3,0,0,0,3,0,30.650
10,0,Normal,mixed,0,0,guarded_anyseat90,3,3,0,0,0,3,0,30.650
10,0,Normal,mixed,0,1,disabled,3,3,0,0,0,3,0,34.266
10,0,Normal,mixed,0,1,guarded_anyseat90,3,3,0,0,0,3,0,34.266
10,0,Normal,mixed,0,2,disabled,3,1,2,0,0,3,0,40.350
10,0,Normal,mixed,0,2,guarded_anyseat90,3,1,2,0,0,3,0,40.350
10,0,Normal,mixed,1,0,disabled,3,0,3,0,0,3,0,28.267
10,0,Normal,mixed,1,0,guarded_anyseat90,3,0,3,0,0,3,0,28.267
10,0,Normal,mixed,1,1,disabled,3,2,1,0,0,3,0,40.100
10,0,Normal,mixed,1,1,guarded_anyseat90,3,2,1,0,0,3,0,40.100
10,0,Normal,mixed,1,2,disabled,3,0,3,0,0,3,0,37.316
10,0,Normal,mixed,1,2,guarded_anyseat90,3,0,3,0,0,3,0,37.316
10,0,Normal,pressure_vs_guardians,0,0,disabled,3,3,0,0,0,3,0,34.266
10,0,Normal,pressure_vs_guardians,0,0,guarded_anyseat90,3,3,0,0,0,3,0,34.266
10,0,Normal,pressure_vs_guardians,0,1,disabled,3,1,2,0,0,3,0,40.350
10,0,Normal,pressure_vs_guardians,0,1,guarded_anyseat90,3,1,2,0,0,3,0,40.350
10,0,Normal,pressure_vs_guardians,0,2,disabled,3,3,0,0,0,3,0,30.650
10,0,Normal,pressure_vs_guardians,0,2,guarded_anyseat90,3,3,0,0,0,3,0,30.650
10,0,Normal,pressure_vs_guardians,1,0,disabled,3,2,1,0,0,3,0,40.100
10,0,Normal,pressure_vs_guardians,1,0,guarded_anyseat90,3,2,1,0,0,3,0,40.100
10,0,Normal,pressure_vs_guardians,1,1,disabled,3,0,3,0,0,3,0,37.316
10,0,Normal,pressure_vs_guardians,1,1,guarded_anyseat90,3,0,3,0,0,3,0,37.316
10,0,Normal,pressure_vs_guardians,1,2,disabled,3,0,3,0,0,3,0,28.267
10,0,Normal,pressure_vs_guardians,1,2,guarded_anyseat90,3,0,3,0,0,3,0,28.267
11,0,Normal,mixed,0,0,disabled,3,2,1,0,0,3,0,35.583
11,0,Normal,mixed,0,0,guarded_anyseat90,3,2,1,0,0,3,0,35.583
11,0,Normal,mixed,0,1,disabled,3,3,0,0,0,3,0,40.900
11,0,Normal,mixed,0,1,guarded_anyseat90,3,3,0,0,0,3,0,40.900
11,0,Normal,mixed,0,2,disabled,3,2,1,0,0,3,0,38.866
11,0,Normal,mixed,0,2,guarded_anyseat90,3,2,1,0,0,3,0,38.866
11,0,Normal,mixed,1,0,disabled,3,1,2,0,0,3,0,34.333
11,0,Normal,mixed,1,0,guarded_anyseat90,3,1,2,0,0,3,0,34.333
11,0,Normal,mixed,1,1,disabled,3,1,2,0,0,3,0,38.866
11,0,Normal,mixed,1,1,guarded_anyseat90,3,1,2,0,0,3,0,38.866
11,0,Normal,mixed,1,2,disabled,3,0,3,0,0,3,0,40.900
11,0,Normal,mixed,1,2,guarded_anyseat90,3,0,3,0,0,3,0,40.900
11,0,Normal,pressure_vs_guardians,0,0,disabled,3,3,0,0,0,3,0,40.900
11,0,Normal,pressure_vs_guardians,0,0,guarded_anyseat90,3,3,0,0,0,3,0,40.900
11,0,Normal,pressure_vs_guardians,0,1,disabled,3,2,1,0,0,3,0,38.866
11,0,Normal,pressure_vs_guardians,0,1,guarded_anyseat90,3,2,1,0,0,3,0,38.866
11,0,Normal,pressure_vs_guardians,0,2,disabled,3,2,1,0,0,3,0,35.583
11,0,Normal,pressure_vs_guardians,0,2,guarded_anyseat90,3,2,1,0,0,3,0,35.583
11,0,Normal,pressure_vs_guardians,1,0,disabled,3,1,2,0,0,3,0,38.866
11,0,Normal,pressure_vs_guardians,1,0,guarded_anyseat90,3,1,2,0,0,3,0,38.866
11,0,Normal,pressure_vs_guardians,1,1,disabled,3,0,3,0,0,3,0,40.900
11,0,Normal,pressure_vs_guardians,1,1,guarded_anyseat90,3,0,3,0,0,3,0,40.900
11,0,Normal,pressure_vs_guardians,1,2,disabled,3,1,2,0,0,3,0,34.333
11,0,Normal,pressure_vs_guardians,1,2,guarded_anyseat90,3,1,2,0,0,3,0,34.333
10,12,Normal,mixed,0,0,disabled,3,0,3,0,0,3,0,36.616
10,12,Normal,mixed,0,0,guarded_anyseat90,3,0,3,0,0,3,0,36.616
10,12,Normal,mixed,0,1,disabled,3,3,0,0,0,3,0,99.685
10,12,Normal,mixed,0,1,guarded_anyseat90,3,3,0,0,0,3,0,99.685
10,12,Normal,mixed,0,2,disabled,3,1,1,1,0,2,0,95.751
10,12,Normal,mixed,0,2,guarded_anyseat90,3,1,1,1,0,2,0,95.751
10,12,Normal,mixed,1,0,disabled,3,1,2,0,0,3,0,69.033
10,12,Normal,mixed,1,0,guarded_anyseat90,3,1,2,0,0,3,0,69.033
10,12,Normal,mixed,1,1,disabled,3,3,0,0,0,3,0,54.166
10,12,Normal,mixed,1,1,guarded_anyseat90,3,3,0,0,0,3,0,54.166
10,12,Normal,mixed,1,2,disabled,3,0,0,3,0,0,0,120.000
10,12,Normal,mixed,1,2,guarded_anyseat90,3,0,0,3,0,0,0,120.000
10,12,Normal,pressure_vs_guardians,0,0,disabled,3,3,0,0,0,3,0,99.685
10,12,Normal,pressure_vs_guardians,0,0,guarded_anyseat90,3,3,0,0,0,3,0,99.685
10,12,Normal,pressure_vs_guardians,0,1,disabled,3,1,1,1,0,2,0,95.751
10,12,Normal,pressure_vs_guardians,0,1,guarded_anyseat90,3,1,1,1,0,2,0,95.751
10,12,Normal,pressure_vs_guardians,0,2,disabled,3,0,3,0,0,3,0,36.616
10,12,Normal,pressure_vs_guardians,0,2,guarded_anyseat90,3,0,3,0,0,3,0,36.616
10,12,Normal,pressure_vs_guardians,1,0,disabled,3,3,0,0,0,3,0,54.166
10,12,Normal,pressure_vs_guardians,1,0,guarded_anyseat90,3,3,0,0,0,3,0,54.166
10,12,Normal,pressure_vs_guardians,1,1,disabled,3,0,0,3,0,0,0,120.000
10,12,Normal,pressure_vs_guardians,1,1,guarded_anyseat90,3,0,0,3,0,0,0,120.000
10,12,Normal,pressure_vs_guardians,1,2,disabled,3,1,2,0,0,3,0,69.033
10,12,Normal,pressure_vs_guardians,1,2,guarded_anyseat90,3,1,2,0,0,3,0,69.033
11,12,Normal,mixed,0,0,disabled,3,0,2,1,0,2,0,69.116
11,12,Normal,mixed,0,0,guarded_anyseat90,3,0,2,1,0,2,0,69.116
11,12,Normal,mixed,0,1,disabled,3,1,2,0,0,3,0,91.601
11,12,Normal,mixed,0,1,guarded_anyseat90,3,1,2,0,0,3,0,91.601
11,12,Normal,mixed,0,2,disabled,3,0,2,1,0,2,0,88.200
11,12,Normal,mixed,0,2,guarded_anyseat90,3,0,2,1,0,2,0,88.200
11,12,Normal,mixed,1,0,disabled,3,0,2,1,0,2,0,96.334
11,12,Normal,mixed,1,0,guarded_anyseat90,3,0,2,1,0,2,0,96.334
11,12,Normal,mixed,1,1,disabled,3,2,0,1,0,2,0,70.966
11,12,Normal,mixed,1,1,guarded_anyseat90,3,2,0,1,0,2,0,70.966
11,12,Normal,mixed,1,2,disabled,3,1,2,0,0,3,0,95.018
11,12,Normal,mixed,1,2,guarded_anyseat90,3,1,2,0,0,3,0,95.018
11,12,Normal,pressure_vs_guardians,0,0,disabled,3,1,2,0,0,3,0,91.601
11,12,Normal,pressure_vs_guardians,0,0,guarded_anyseat90,3,1,2,0,0,3,0,91.601
11,12,Normal,pressure_vs_guardians,0,1,disabled,3,0,2,1,0,2,0,88.200
11,12,Normal,pressure_vs_guardians,0,1,guarded_anyseat90,3,0,2,1,0,2,0,88.200
11,12,Normal,pressure_vs_guardians,0,2,disabled,3,0,2,1,0,2,0,69.116
11,12,Normal,pressure_vs_guardians,0,2,guarded_anyseat90,3,0,2,1,0,2,0,69.116
11,12,Normal,pressure_vs_guardians,1,0,disabled,3,2,0,1,0,2,0,70.966
11,12,Normal,pressure_vs_guardians,1,0,guarded_anyseat90,3,2,0,1,0,2,0,70.966
11,12,Normal,pressure_vs_guardians,1,1,disabled,3,1,2,0,0,3,0,95.018
11,12,Normal,pressure_vs_guardians,1,1,guarded_anyseat90,3,1,2,0,0,3,0,95.018
11,12,Normal,pressure_vs_guardians,1,2,disabled,3,0,2,1,0,2,0,96.334
11,12,Normal,pressure_vs_guardians,1,2,guarded_anyseat90,3,0,2,1,0,2,0,96.334
10,36,Normal,mixed,0,0,disabled,3,0,0,3,0,0,0,120.000
10,36,Normal,mixed,0,0,guarded_anyseat90,3,0,0,3,0,0,0,120.000
10,36,Normal,mixed,0,1,disabled,3,0,0,3,0,0,0,120.000
10,36,Normal,mixed,0,1,guarded_anyseat90,3,0,0,3,0,0,0,120.000
10,36,Normal,mixed,0,2,disabled,3,0,0,3,0,0,0,120.000
10,36,Normal,mixed,0,2,guarded_anyseat90,3,0,0,3,0,0,0,120.000
10,36,Normal,mixed,1,0,disabled,3,0,0,3,0,0,0,120.000
10,36,Normal,mixed,1,0,guarded_anyseat90,3,0,0,3,0,0,0,120.000
10,36,Normal,mixed,1,1,disabled,3,0,0,3,0,0,0,120.000
10,36,Normal,mixed,1,1,guarded_anyseat90,3,0,0,3,0,0,0,120.000
10,36,Normal,mixed,1,2,disabled,3,0,0,3,0,0,0,120.000
10,36,Normal,mixed,1,2,guarded_anyseat90,3,0,0,3,0,0,0,120.000
10,36,Normal,mixed,2,0,disabled,3,0,0,3,0,0,0,120.000
10,36,Normal,mixed,2,0,guarded_anyseat90,3,0,0,3,0,0,0,120.000
10,36,Normal,mixed,2,1,disabled,3,0,0,3,0,0,0,120.000
10,36,Normal,mixed,2,1,guarded_anyseat90,3,0,0,3,0,0,0,120.000
10,36,Normal,mixed,2,2,disabled,3,0,0,3,0,0,0,120.000
10,36,Normal,mixed,2,2,guarded_anyseat90,3,0,0,3,0,0,0,120.000
10,36,Normal,mixed,3,0,disabled,3,0,0,3,0,0,0,120.000
10,36,Normal,mixed,3,0,guarded_anyseat90,3,0,0,3,0,0,0,120.000
10,36,Normal,mixed,3,1,disabled,3,0,0,3,0,0,0,120.000
10,36,Normal,mixed,3,1,guarded_anyseat90,3,0,0,3,0,0,0,120.000
10,36,Normal,mixed,3,2,disabled,3,0,0,3,0,0,0,120.000
10,36,Normal,mixed,3,2,guarded_anyseat90,3,0,0,3,0,0,0,120.000
10,36,Normal,mixed,4,0,disabled,3,0,0,3,0,0,0,120.000
10,36,Normal,mixed,4,0,guarded_anyseat90,3,0,0,3,0,0,0,120.000
10,36,Normal,mixed,4,1,disabled,3,0,0,3,0,0,0,120.000
10,36,Normal,mixed,4,1,guarded_anyseat90,3,0,0,3,0,0,0,120.000
10,36,Normal,mixed,4,2,disabled,3,0,0,3,0,0,0,120.000
10,36,Normal,mixed,4,2,guarded_anyseat90,3,0,0,3,0,0,0,120.000
10,36,Normal,mixed,5,0,disabled,3,0,0,3,0,0,0,120.000
10,36,Normal,mixed,5,0,guarded_anyseat90,3,0,0,3,0,0,0,120.000
10,36,Normal,mixed,5,1,disabled,3,0,0,3,0,0,0,120.000
10,36,Normal,mixed,5,1,guarded_anyseat90,3,0,0,3,0,0,0,120.000
10,36,Normal,mixed,5,2,disabled,3,0,0,3,0,0,0,120.000
10,36,Normal,mixed,5,2,guarded_anyseat90,3,0,0,3,0,0,0,120.000
10,36,Normal,pressure_vs_guardians,0,0,disabled,3,0,0,3,0,0,0,120.000
10,36,Normal,pressure_vs_guardians,0,0,guarded_anyseat90,3,0,0,3,0,0,0,120.000
10,36,Normal,pressure_vs_guardians,0,1,disabled,3,0,0,3,0,0,0,120.000
10,36,Normal,pressure_vs_guardians,0,1,guarded_anyseat90,3,0,0,3,0,0,0,120.000
10,36,Normal,pressure_vs_guardians,0,2,disabled,3,0,0,3,0,0,0,120.000
10,36,Normal,pressure_vs_guardians,0,2,guarded_anyseat90,3,0,0,3,0,0,0,120.000
10,36,Normal,pressure_vs_guardians,1,0,disabled,3,0,0,3,0,0,0,120.000
10,36,Normal,pressure_vs_guardians,1,0,guarded_anyseat90,3,0,0,3,0,0,0,120.000
10,36,Normal,pressure_vs_guardians,1,1,disabled,3,0,0,3,0,0,0,120.000
10,36,Normal,pressure_vs_guardians,1,1,guarded_anyseat90,3,0,0,3,0,0,0,120.000
10,36,Normal,pressure_vs_guardians,1,2,disabled,3,0,0,3,0,0,0,120.000
10,36,Normal,pressure_vs_guardians,1,2,guarded_anyseat90,3,0,0,3,0,0,0,120.000
10,36,Normal,pressure_vs_guardians,2,0,disabled,3,0,0,3,0,0,0,120.000
10,36,Normal,pressure_vs_guardians,2,0,guarded_anyseat90,3,0,0,3,0,0,0,120.000
10,36,Normal,pressure_vs_guardians,2,1,disabled,3,0,0,3,0,0,0,120.000
10,36,Normal,pressure_vs_guardians,2,1,guarded_anyseat90,3,0,0,3,0,0,0,120.000
10,36,Normal,pressure_vs_guardians,2,2,disabled,3,0,0,3,0,0,0,120.000
10,36,Normal,pressure_vs_guardians,2,2,guarded_anyseat90,3,0,0,3,0,0,0,120.000
10,36,Normal,pressure_vs_guardians,3,0,disabled,3,0,0,3,0,0,0,120.000
10,36,Normal,pressure_vs_guardians,3,0,guarded_anyseat90,3,0,0,3,0,0,0,120.000
10,36,Normal,pressure_vs_guardians,3,1,disabled,3,0,0,3,0,0,0,120.000
10,36,Normal,pressure_vs_guardians,3,1,guarded_anyseat90,3,0,0,3,0,0,0,120.000
10,36,Normal,pressure_vs_guardians,3,2,disabled,3,0,0,3,0,0,0,120.000
10,36,Normal,pressure_vs_guardians,3,2,guarded_anyseat90,3,0,0,3,0,0,0,120.000
10,36,Normal,pressure_vs_guardians,4,0,disabled,3,0,0,3,0,0,0,120.000
10,36,Normal,pressure_vs_guardians,4,0,guarded_anyseat90,3,0,0,3,0,0,0,120.000
10,36,Normal,pressure_vs_guardians,4,1,disabled,3,0,0,3,0,0,0,120.000
10,36,Normal,pressure_vs_guardians,4,1,guarded_anyseat90,3,0,0,3,0,0,0,120.000
10,36,Normal,pressure_vs_guardians,4,2,disabled,3,0,0,3,0,0,0,120.000
10,36,Normal,pressure_vs_guardians,4,2,guarded_anyseat90,3,0,0,3,0,0,0,120.000
10,36,Normal,pressure_vs_guardians,5,0,disabled,3,0,0,3,0,0,0,120.000
10,36,Normal,pressure_vs_guardians,5,0,guarded_anyseat90,3,0,0,3,0,0,0,120.000
10,36,Normal,pressure_vs_guardians,5,1,disabled,3,0,0,3,0,0,0,120.000
10,36,Normal,pressure_vs_guardians,5,1,guarded_anyseat90,3,0,0,3,0,0,0,120.000
10,36,Normal,pressure_vs_guardians,5,2,disabled,3,0,0,3,0,0,0,120.000
10,36,Normal,pressure_vs_guardians,5,2,guarded_anyseat90,3,0,0,3,0,0,0,120.000
11,36,Normal,mixed,0,0,disabled,3,0,0,3,0,0,0,120.000
11,36,Normal,mixed,0,0,guarded_anyseat90,3,0,0,3,0,0,0,120.000
11,36,Normal,mixed,0,1,disabled,3,0,0,3,0,0,0,120.000
11,36,Normal,mixed,0,1,guarded_anyseat90,3,0,0,3,0,0,0,120.000
11,36,Normal,mixed,0,2,disabled,3,0,0,3,0,0,0,120.000
11,36,Normal,mixed,0,2,guarded_anyseat90,3,0,0,3,0,0,0,120.000
11,36,Normal,mixed,1,0,disabled,3,0,0,3,0,0,0,120.000
11,36,Normal,mixed,1,0,guarded_anyseat90,3,0,0,3,0,0,0,120.000
11,36,Normal,mixed,1,1,disabled,3,0,0,3,0,0,0,120.000
11,36,Normal,mixed,1,1,guarded_anyseat90,3,0,0,3,0,0,0,120.000
11,36,Normal,mixed,1,2,disabled,3,0,0,3,0,0,0,120.000
11,36,Normal,mixed,1,2,guarded_anyseat90,3,0,0,3,0,0,0,120.000
11,36,Normal,mixed,2,0,disabled,3,0,0,3,0,0,0,120.000
11,36,Normal,mixed,2,0,guarded_anyseat90,3,0,0,3,0,0,0,120.000
11,36,Normal,mixed,2,1,disabled,3,0,0,3,0,0,0,120.000
11,36,Normal,mixed,2,1,guarded_anyseat90,3,0,0,3,0,0,0,120.000
11,36,Normal,mixed,2,2,disabled,3,0,0,3,0,0,0,120.000
11,36,Normal,mixed,2,2,guarded_anyseat90,3,0,0,3,0,0,0,120.000
11,36,Normal,mixed,3,0,disabled,3,0,0,3,0,0,0,120.000
11,36,Normal,mixed,3,0,guarded_anyseat90,3,0,0,3,0,0,0,120.000
11,36,Normal,mixed,3,1,disabled,3,0,0,3,0,0,0,120.000
11,36,Normal,mixed,3,1,guarded_anyseat90,3,0,0,3,0,0,0,120.000
11,36,Normal,mixed,3,2,disabled,3,0,0,3,0,0,0,120.000
11,36,Normal,mixed,3,2,guarded_anyseat90,3,0,0,3,0,0,0,120.000
11,36,Normal,mixed,4,0,disabled,3,0,0,3,0,0,0,120.000
11,36,Normal,mixed,4,0,guarded_anyseat90,3,0,0,3,0,0,0,120.000
11,36,Normal,mixed,4,1,disabled,3,0,0,3,0,0,0,120.000
11,36,Normal,mixed,4,1,guarded_anyseat90,3,0,0,3,0,0,0,120.000
11,36,Normal,mixed,4,2,disabled,3,0,0,3,0,0,0,120.000
11,36,Normal,mixed,4,2,guarded_anyseat90,3,0,0,3,0,0,0,120.000
11,36,Normal,mixed,5,0,disabled,3,0,0,3,0,0,0,120.000
11,36,Normal,mixed,5,0,guarded_anyseat90,3,0,0,3,0,0,0,120.000
11,36,Normal,mixed,5,1,disabled,3,0,0,3,0,0,0,120.000
11,36,Normal,mixed,5,1,guarded_anyseat90,3,0,0,3,0,0,0,120.000
11,36,Normal,mixed,5,2,disabled,3,0,0,3,0,0,0,120.000
11,36,Normal,mixed,5,2,guarded_anyseat90,3,0,0,3,0,0,0,120.000
11,36,Normal,pressure_vs_guardians,0,0,disabled,3,0,0,3,0,0,0,120.000
11,36,Normal,pressure_vs_guardians,0,0,guarded_anyseat90,3,0,0,3,0,0,0,120.000
11,36,Normal,pressure_vs_guardians,0,1,disabled,3,0,0,3,0,0,0,120.000
11,36,Normal,pressure_vs_guardians,0,1,guarded_anyseat90,3,0,0,3,0,0,0,120.000
11,36,Normal,pressure_vs_guardians,0,2,disabled,3,0,0,3,0,0,0,120.000
11,36,Normal,pressure_vs_guardians,0,2,guarded_anyseat90,3,0,0,3,0,0,0,120.000
11,36,Normal,pressure_vs_guardians,1,0,disabled,3,0,0,3,0,0,0,120.000
11,36,Normal,pressure_vs_guardians,1,0,guarded_anyseat90,3,0,0,3,0,0,0,120.000
11,36,Normal,pressure_vs_guardians,1,1,disabled,3,0,0,3,0,0,0,120.000
11,36,Normal,pressure_vs_guardians,1,1,guarded_anyseat90,3,0,0,3,0,0,0,120.000
11,36,Normal,pressure_vs_guardians,1,2,disabled,3,0,0,3,0,0,0,120.000
11,36,Normal,pressure_vs_guardians,1,2,guarded_anyseat90,3,0,0,3,0,0,0,120.000
11,36,Normal,pressure_vs_guardians,2,0,disabled,3,0,0,3,0,0,0,120.000
11,36,Normal,pressure_vs_guardians,2,0,guarded_anyseat90,3,0,0,3,0,0,0,120.000
11,36,Normal,pressure_vs_guardians,2,1,disabled,3,0,0,3,0,0,0,120.000
11,36,Normal,pressure_vs_guardians,2,1,guarded_anyseat90,3,0,0,3,0,0,0,120.000
11,36,Normal,pressure_vs_guardians,2,2,disabled,3,0,0,3,0,0,0,120.000
11,36,Normal,pressure_vs_guardians,2,2,guarded_anyseat90,3,0,0,3,0,0,0,120.000
11,36,Normal,pressure_vs_guardians,3,0,disabled,3,0,0,3,0,0,0,120.000
11,36,Normal,pressure_vs_guardians,3,0,guarded_anyseat90,3,0,0,3,0,0,0,120.000
11,36,Normal,pressure_vs_guardians,3,1,disabled,3,0,0,3,0,0,0,120.000
11,36,Normal,pressure_vs_guardians,3,1,guarded_anyseat90,3,0,0,3,0,0,0,120.000
11,36,Normal,pressure_vs_guardians,3,2,disabled,3,0,0,3,0,0,0,120.000
11,36,Normal,pressure_vs_guardians,3,2,guarded_anyseat90,3,0,0,3,0,0,0,120.000
11,36,Normal,pressure_vs_guardians,4,0,disabled,3,0,0,3,0,0,0,120.000
11,36,Normal,pressure_vs_guardians,4,0,guarded_anyseat90,3,0,0,3,0,0,0,120.000
11,36,Normal,pressure_vs_guardians,4,1,disabled,3,0,0,3,0,0,0,120.000
11,36,Normal,pressure_vs_guardians,4,1,guarded_anyseat90,3,0,0,3,0,0,0,120.000
11,36,Normal,pressure_vs_guardians,4,2,disabled,3,0,0,3,0,0,0,120.000
11,36,Normal,pressure_vs_guardians,4,2,guarded_anyseat90,3,0,0,3,0,0,0,120.000
11,36,Normal,pressure_vs_guardians,5,0,disabled,3,0,0,3,0,0,0,120.000
11,36,Normal,pressure_vs_guardians,5,0,guarded_anyseat90,3,0,0,3,0,0,0,120.000
11,36,Normal,pressure_vs_guardians,5,1,disabled,3,0,0,3,0,0,0,120.000
11,36,Normal,pressure_vs_guardians,5,1,guarded_anyseat90,3,0,0,3,0,0,0,120.000
11,36,Normal,pressure_vs_guardians,5,2,disabled,3,0,0,3,0,0,0,120.000
11,36,Normal,pressure_vs_guardians,5,2,guarded_anyseat90,3,0,0,3,0,0,0,120.000
