revision,mode,map_id,map,rules_version,config_version,routing_version,ai_version,difficulty,controller_profile,seat_rotation,style_rotation,resignation_policy,attempts,completed,focus_wins,focus_losses,draws,timeouts,mean_all_seconds,mean_completed_seconds,mean_timeout_seconds
"working-tree-v11-phase4","classic","0","Twin Causeways","11","1","0","1","Normal","mixed","0","0","disabled","3","3","0","3","0","0","39.733013","39.733013","NA"
"working-tree-v11-phase4","logistics","0","Twin Causeways","11","1","1","1","Normal","mixed","0","0","disabled","3","3","1","2","0","0","97.618471","97.618471","NA"
"working-tree-v11-phase4","classic","0","Twin Causeways","11","1","0","1","Normal","mixed","0","1","disabled","3","3","2","1","0","0","55.332971","55.332971","NA"
"working-tree-v11-phase4","logistics","0","Twin Causeways","11","1","1","1","Normal","mixed","0","1","disabled","3","3","2","1","0","0","54.933482","54.933482","NA"
"working-tree-v11-phase4","classic","0","Twin Causeways","11","1","0","1","Normal","mixed","0","2","disabled","3","3","1","2","0","0","45.866253","45.866253","NA"
"working-tree-v11-phase4","logistics","0","Twin Causeways","11","1","1","1","Normal","mixed","0","2","disabled","3","3","2","1","0","0","61.016235","61.016235","NA"
"working-tree-v11-phase4","classic","0","Twin Causeways","11","1","0","1","Normal","mixed","1","0","disabled","3","3","2","1","0","0","53.249621","53.249621","NA"
"working-tree-v11-phase4","logistics","0","Twin Causeways","11","1","1","1","Normal","mixed","1","0","disabled","3","3","1","2","0","0","81.234208","81.234208","NA"
"working-tree-v11-phase4","classic","0","Twin Causeways","11","1","0","1","Normal","mixed","1","1","disabled","3","3","2","1","0","0","45.049599","45.049599","NA"
"working-tree-v11-phase4","logistics","0","Twin Causeways","11","1","1","1","Normal","mixed","1","1","disabled","3","3","2","1","0","0","85.767743","85.767743","NA"
"working-tree-v11-phase4","classic","0","Twin Causeways","11","1","0","1","Normal","mixed","1","2","disabled","3","3","1","2","0","0","61.716207","61.716207","NA"
"working-tree-v11-phase4","logistics","0","Twin Causeways","11","1","1","1","Normal","mixed","1","2","disabled","3","3","1","2","0","0","56.050131","56.050131","NA"
"working-tree-v11-phase4","classic","0","Twin Causeways","11","1","0","1","Normal","pressure_vs_guardians","0","0","disabled","3","3","2","1","0","0","55.332971","55.332971","NA"
"working-tree-v11-phase4","logistics","0","Twin Causeways","11","1","1","1","Normal","pressure_vs_guardians","0","0","disabled","3","3","2","1","0","0","54.933482","54.933482","NA"
"working-tree-v11-phase4","classic","0","Twin Causeways","11","1","0","1","Normal","pressure_vs_guardians","0","1","disabled","3","3","1","2","0","0","45.866253","45.866253","NA"
"working-tree-v11-phase4","logistics","0","Twin Causeways","11","1","1","1","Normal","pressure_vs_guardians","0","1","disabled","3","3","2","1","0","0","61.016235","61.016235","NA"
"working-tree-v11-phase4","classic","0","Twin Causeways","11","1","0","1","Normal","pressure_vs_guardians","0","2","disabled","3","3","0","3","0","0","39.733013","39.733013","NA"
"working-tree-v11-phase4","logistics","0","Twin Causeways","11","1","1","1","Normal","pressure_vs_guardians","0","2","disabled","3","3","1","2","0","0","97.618471","97.618471","NA"
"working-tree-v11-phase4","classic","0","Twin Causeways","11","1","0","1","Normal","pressure_vs_guardians","1","0","disabled","3","3","2","1","0","0","45.049599","45.049599","NA"
"working-tree-v11-phase4","logistics","0","Twin Causeways","11","1","1","1","Normal","pressure_vs_guardians","1","0","disabled","3","3","2","1","0","0","85.767743","85.767743","NA"
"working-tree-v11-phase4","classic","0","Twin Causeways","11","1","0","1","Normal","pressure_vs_guardians","1","1","disabled","3","3","1","2","0","0","61.716207","61.716207","NA"
"working-tree-v11-phase4","logistics","0","Twin Causeways","11","1","1","1","Normal","pressure_vs_guardians","1","1","disabled","3","3","1","2","0","0","56.050131","56.050131","NA"
"working-tree-v11-phase4","classic","0","Twin Causeways","11","1","0","1","Normal","pressure_vs_guardians","1","2","disabled","3","3","2","1","0","0","53.249621","53.249621","NA"
"working-tree-v11-phase4","logistics","0","Twin Causeways","11","1","1","1","Normal","pressure_vs_guardians","1","2","disabled","3","3","1","2","0","0","81.234208","81.234208","NA"
"working-tree-v11-phase4","classic","1","Broken Junction","11","1","0","1","Normal","mixed","0","0","disabled","3","2","0","2","0","1","141.001874","121.502811","180.000000"
"working-tree-v11-phase4","logistics","1","Broken Junction","11","1","1","1","Normal","mixed","0","0","disabled","3","2","2","0","0","1","154.386022","141.579033","180.000000"
"working-tree-v11-phase4","classic","1","Broken Junction","11","1","0","1","Normal","mixed","0","1","disabled","3","3","3","0","0","0","56.716087","56.716087","NA"
"working-tree-v11-phase4","logistics","1","Broken Junction","11","1","1","1","Normal","mixed","0","1","disabled","3","3","2","1","0","0","95.684573","95.684573","NA"
"working-tree-v11-phase4","classic","1","Broken Junction","11","1","0","1","Normal","mixed","0","2","disabled","3","1","0","1","0","2","169.934845","149.804535","180.000000"
"working-tree-v11-phase4","logistics","1","Broken Junction","11","1","1","1","Normal","mixed","0","2","disabled","3","1","1","0","0","2","142.383166","67.149498","180.000000"
"working-tree-v11-phase4","classic","1","Broken Junction","11","1","0","1","Normal","mixed","1","0","disabled","3","1","1","0","0","2","169.934845","149.804535","180.000000"
"working-tree-v11-phase4","logistics","1","Broken Junction","11","1","1","1","Normal","mixed","1","0","disabled","3","1","0","1","0","2","142.383166","67.149498","180.000000"
"working-tree-v11-phase4","classic","1","Broken Junction","11","1","0","1","Normal","mixed","1","1","disabled","3","2","2","0","0","1","141.001874","121.502811","180.000000"
"working-tree-v11-phase4","logistics","1","Broken Junction","11","1","1","1","Normal","mixed","1","1","disabled","3","2","0","2","0","1","154.386022","141.579033","180.000000"
"working-tree-v11-phase4","classic","1","Broken Junction","11","1","0","1","Normal","mixed","1","2","disabled","3","3","0","3","0","0","56.716087","56.716087","NA"
"working-tree-v11-phase4","logistics","1","Broken Junction","11","1","1","1","Normal","mixed","1","2","disabled","3","3","0","3","0","0","95.684573","95.684573","NA"
"working-tree-v11-phase4","classic","1","Broken Junction","11","1","0","1","Normal","mixed","2","0","disabled","3","3","0","3","0","0","56.716087","56.716087","NA"
"working-tree-v11-phase4","logistics","1","Broken Junction","11","1","1","1","Normal","mixed","2","0","disabled","3","3","1","2","0","0","95.684573","95.684573","NA"
"working-tree-v11-phase4","classic","1","Broken Junction","11","1","0","1","Normal","mixed","2","1","disabled","3","1","0","1","0","2","169.934845","149.804535","180.000000"
"working-tree-v11-phase4","logistics","1","Broken Junction","11","1","1","1","Normal","mixed","2","1","disabled","3","1","0","1","0","2","142.383166","67.149498","180.000000"
"working-tree-v11-phase4","classic","1","Broken Junction","11","1","0","1","Normal","mixed","2","2","disabled","3","2","0","2","0","1","141.001874","121.502811","180.000000"
"working-tree-v11-phase4","logistics","1","Broken Junction","11","1","1","1","Normal","mixed","2","2","disabled","3","2","0","2","0","1","154.386022","141.579033","180.000000"
"working-tree-v11-phase4","classic","1","Broken Junction","11","1","0","1","Normal","pressure_vs_guardians","0","0","disabled","3","2","2","0","0","1","110.983513","76.475269","180.000000"
"working-tree-v11-phase4","logistics","1","Broken Junction","11","1","1","1","Normal","pressure_vs_guardians","0","0","disabled","3","3","2","1","0","0","103.818400","103.818400","NA"
"working-tree-v11-phase4","classic","1","Broken Junction","11","1","0","1","Normal","pressure_vs_guardians","0","1","disabled","3","2","0","2","0","1","167.520157","161.280235","180.000000"
"working-tree-v11-phase4","logistics","1","Broken Junction","11","1","1","1","Normal","pressure_vs_guardians","0","1","disabled","3","2","2","0","0","1","124.734217","97.101326","180.000000"
"working-tree-v11-phase4","classic","1","Broken Junction","11","1","0","1","Normal","pressure_vs_guardians","0","2","disabled","3","3","0","3","0","0","91.234322","91.234322","NA"
"working-tree-v11-phase4","logistics","1","Broken Junction","11","1","1","1","Normal","pressure_vs_guardians","0","2","disabled","3","1","1","0","0","2","154.467237","103.401711","180.000000"
"working-tree-v11-phase4","classic","1","Broken Junction","11","1","0","1","Normal","pressure_vs_guardians","1","0","disabled","3","2","1","1","0","1","116.933741","85.400612","180.000000"
"working-tree-v11-phase4","logistics","1","Broken Junction","11","1","1","1","Normal","pressure_vs_guardians","1","0","disabled","3","1","0","1","0","2","154.250557","102.751671","180.000000"
"working-tree-v11-phase4","classic","1","Broken Junction","11","1","0","1","Normal","pressure_vs_guardians","1","1","disabled","3","2","0","2","0","1","130.617907","105.926861","180.000000"
"working-tree-v11-phase4","logistics","1","Broken Junction","11","1","1","1","Normal","pressure_vs_guardians","1","1","disabled","3","3","0","3","0","0","119.802709","119.802709","NA"
"working-tree-v11-phase4","classic","1","Broken Junction","11","1","0","1","Normal","pressure_vs_guardians","1","2","disabled","3","3","0","3","0","0","65.666500","65.666500","NA"
"working-tree-v11-phase4","logistics","1","Broken Junction","11","1","1","1","Normal","pressure_vs_guardians","1","2","disabled","3","2","0","2","0","1","133.718099","110.577148","180.000000"
"working-tree-v11-phase4","classic","1","Broken Junction","11","1","0","1","Normal","pressure_vs_guardians","2","0","disabled","3","2","1","1","0","1","109.733383","74.600075","180.000000"
"working-tree-v11-phase4","logistics","1","Broken Junction","11","1","1","1","Normal","pressure_vs_guardians","2","0","disabled","3","1","0","1","0","2","154.783923","104.351768","180.000000"
"working-tree-v11-phase4","classic","1","Broken Junction","11","1","0","1","Normal","pressure_vs_guardians","2","1","disabled","3","2","0","2","0","1","153.452634","140.178951","180.000000"
"working-tree-v11-phase4","logistics","1","Broken Junction","11","1","1","1","Normal","pressure_vs_guardians","2","1","disabled","3","0","0","0","0","3","180.000000","NA","180.000000"
"working-tree-v11-phase4","classic","1","Broken Junction","11","1","0","1","Normal","pressure_vs_guardians","2","2","disabled","3","2","0","2","0","1","107.133176","70.699764","180.000000"
"working-tree-v11-phase4","logistics","1","Broken Junction","11","1","1","1","Normal","pressure_vs_guardians","2","2","disabled","3","2","0","2","0","1","113.750214","80.625320","180.000000"
"working-tree-v11-phase4","classic","2","Crown Circuit","11","1","0","1","Normal","mixed","0","0","disabled","3","1","1","0","0","2","167.368022","142.104065","180.000000"
"working-tree-v11-phase4","logistics","2","Crown Circuit","11","1","1","1","Normal","mixed","0","0","disabled","3","2","1","1","0","1","137.284983","115.927475","180.000000"
"working-tree-v11-phase4","classic","2","Crown Circuit","11","1","0","1","Normal","mixed","0","1","disabled","3","2","0","2","0","1","110.149994","75.224991","180.000000"
"working-tree-v11-phase4","logistics","2","Crown Circuit","11","1","1","1","Normal","mixed","0","1","disabled","3","2","2","0","0","1","145.902173","128.853260","180.000000"
"working-tree-v11-phase4","classic","2","Crown Circuit","11","1","0","1","Normal","mixed","0","2","disabled","3","1","0","1","0","2","139.483131","58.449394","180.000000"
"working-tree-v11-phase4","logistics","2","Crown Circuit","11","1","1","1","Normal","mixed","0","2","disabled","3","0","0","0","0","3","180.000000","NA","180.000000"
"working-tree-v11-phase4","classic","2","Crown Circuit","11","1","0","1","Normal","mixed","1","0","disabled","3","3","0","3","0","0","87.267392","87.267392","NA"
"working-tree-v11-phase4","logistics","2","Crown Circuit","11","1","1","1","Normal","mixed","1","0","disabled","3","1","1","0","0","2","155.517301","106.551903","180.000000"
"working-tree-v11-phase4","classic","2","Crown Circuit","11","1","0","1","Normal","mixed","1","1","disabled","3","2","0","2","0","1","134.734828","112.102242","180.000000"
"working-tree-v11-phase4","logistics","2","Crown Circuit","11","1","1","1","Normal","mixed","1","1","disabled","3","3","1","2","0","0","92.201027","92.201027","NA"
"working-tree-v11-phase4","classic","2","Crown Circuit","11","1","0","1","Normal","mixed","1","2","disabled","3","1","0","1","0","2","173.851751","161.555252","180.000000"
"working-tree-v11-phase4","logistics","2","Crown Circuit","11","1","1","1","Normal","mixed","1","2","disabled","3","0","0","0","0","3","180.000000","NA","180.000000"
"working-tree-v11-phase4","classic","2","Crown Circuit","11","1","0","1","Normal","mixed","2","0","disabled","3","1","0","1","0","2","152.917142","98.751427","180.000000"
"working-tree-v11-phase4","logistics","2","Crown Circuit","11","1","1","1","Normal","mixed","2","0","disabled","3","0","0","0","0","3","180.000000","NA","180.000000"
"working-tree-v11-phase4","classic","2","Crown Circuit","11","1","0","1","Normal","mixed","2","1","disabled","3","3","2","1","0","0","97.618022","97.618022","NA"
"working-tree-v11-phase4","logistics","2","Crown Circuit","11","1","1","1","Normal","mixed","2","1","disabled","3","0","0","0","0","3","180.000000","NA","180.000000"
"working-tree-v11-phase4","classic","2","Crown Circuit","11","1","0","1","Normal","mixed","2","2","disabled","3","2","0","2","0","1","122.817671","94.226507","180.000000"
"working-tree-v11-phase4","logistics","2","Crown Circuit","11","1","1","1","Normal","mixed","2","2","disabled","3","0","0","0","0","3","180.000000","NA","180.000000"
"working-tree-v11-phase4","classic","2","Crown Circuit","11","1","0","1","Normal","mixed","3","0","disabled","3","2","0","2","0","1","118.217153","87.325729","180.000000"
"working-tree-v11-phase4","logistics","2","Crown Circuit","11","1","1","1","Normal","mixed","3","0","disabled","3","2","0","2","0","1","145.902173","128.853260","180.000000"
"working-tree-v11-phase4","classic","2","Crown Circuit","11","1","0","1","Normal","mixed","3","1","disabled","3","2","0","2","0","1","134.434809","111.652214","180.000000"
"working-tree-v11-phase4","logistics","2","Crown Circuit","11","1","1","1","Normal","mixed","3","1","disabled","3","0","0","0","0","3","180.000000","NA","180.000000"
"working-tree-v11-phase4","classic","2","Crown Circuit","11","1","0","1","Normal","mixed","3","2","disabled","3","2","0","2","0","1","149.685738","134.528606","180.000000"
"working-tree-v11-phase4","logistics","2","Crown Circuit","11","1","1","1","Normal","mixed","3","2","disabled","3","3","1","2","0","0","156.988307","156.988307","NA"
"working-tree-v11-phase4","classic","2","Crown Circuit","11","1","0","1","Normal","pressure_vs_guardians","0","0","disabled","3","2","1","1","0","1","118.633845","87.950768","180.000000"
"working-tree-v11-phase4","logistics","2","Crown Circuit","11","1","1","1","Normal","pressure_vs_guardians","0","0","disabled","3","1","1","0","0","2","163.917811","131.753433","180.000000"
"working-tree-v11-phase4","classic","2","Crown Circuit","11","1","0","1","Normal","pressure_vs_guardians","0","1","disabled","3","1","1","0","0","2","152.917142","98.751427","180.000000"
"working-tree-v11-phase4","logistics","2","Crown Circuit","11","1","1","1","Normal","pressure_vs_guardians","0","1","disabled","3","0","0","0","0","3","180.000000","NA","180.000000"
"working-tree-v11-phase4","classic","2","Crown Circuit","11","1","0","1","Normal","pressure_vs_guardians","0","2","disabled","3","3","0","3","0","0","84.383883","84.383883","NA"
"working-tree-v11-phase4","logistics","2","Crown Circuit","11","1","1","1","Normal","pressure_vs_guardians","0","2","disabled","3","2","0","2","0","1","153.835991","140.753986","180.000000"
"working-tree-v11-phase4","classic","2","Crown Circuit","11","1","0","1","Normal","pressure_vs_guardians","1","0","disabled","3","1","0","1","0","2","171.951635","155.854904","180.000000"
"working-tree-v11-phase4","logistics","2","Crown Circuit","11","1","1","1","Normal","pressure_vs_guardians","1","0","disabled","3","2","1","1","0","1","134.168126","111.252190","180.000000"
"working-tree-v11-phase4","classic","2","Crown Circuit","11","1","0","1","Normal","pressure_vs_guardians","1","1","disabled","3","2","0","2","0","1","133.618093","110.427139","180.000000"
"working-tree-v11-phase4","logistics","2","Crown Circuit","11","1","1","1","Normal","pressure_vs_guardians","1","1","disabled","3","2","0","2","0","1","147.602277","131.403416","180.000000"
"working-tree-v11-phase4","classic","2","Crown Circuit","11","1","0","1","Normal","pressure_vs_guardians","1","2","disabled","3","3","0","3","0","0","87.784091","87.784091","NA"
"working-tree-v11-phase4","logistics","2","Crown Circuit","11","1","1","1","Normal","pressure_vs_guardians","1","2","disabled","3","1","0","1","0","2","158.000786","114.002357","180.000000"
"working-tree-v11-phase4","classic","2","Crown Circuit","11","1","0","1","Normal","pressure_vs_guardians","2","0","disabled","3","2","1","1","0","1","144.052060","126.078091","180.000000"
"working-tree-v11-phase4","logistics","2","Crown Circuit","11","1","1","1","Normal","pressure_vs_guardians","2","0","disabled","3","1","0","1","0","2","168.951452","146.854355","180.000000"
"working-tree-v11-phase4","classic","2","Crown Circuit","11","1","0","1","Normal","pressure_vs_guardians","2","1","disabled","3","2","0","2","0","1","154.152677","141.229015","180.000000"
"working-tree-v11-phase4","logistics","2","Crown Circuit","11","1","1","1","Normal","pressure_vs_guardians","2","1","disabled","3","2","0","2","0","1","146.918902","130.378353","180.000000"
"working-tree-v11-phase4","classic","2","Crown Circuit","11","1","0","1","Normal","pressure_vs_guardians","2","2","disabled","3","3","0","3","0","0","74.116631","74.116631","NA"
"working-tree-v11-phase4","logistics","2","Crown Circuit","11","1","1","1","Normal","pressure_vs_guardians","2","2","disabled","3","0","0","0","0","3","180.000000","NA","180.000000"
"working-tree-v11-phase4","classic","2","Crown Circuit","11","1","0","1","Normal","pressure_vs_guardians","3","0","disabled","3","2","1","1","0","1","125.267583","97.901375","180.000000"
"working-tree-v11-phase4","logistics","2","Crown Circuit","11","1","1","1","Normal","pressure_vs_guardians","3","0","disabled","3","0","0","0","0","3","180.000000","NA","180.000000"
"working-tree-v11-phase4","classic","2","Crown Circuit","11","1","0","1","Normal","pressure_vs_guardians","3","1","disabled","3","1","0","1","0","2","162.901082","128.703247","180.000000"
"working-tree-v11-phase4","logistics","2","Crown Circuit","11","1","1","1","Normal","pressure_vs_guardians","3","1","disabled","3","2","0","2","0","1","148.819018","133.228527","180.000000"
"working-tree-v11-phase4","classic","2","Crown Circuit","11","1","0","1","Normal","pressure_vs_guardians","3","2","disabled","3","1","0","1","0","2","152.750465","98.251396","180.000000"
"working-tree-v11-phase4","logistics","2","Crown Circuit","11","1","1","1","Normal","pressure_vs_guardians","3","2","disabled","3","0","0","0","0","3","180.000000","NA","180.000000"
